Product Name,Forecasted Demand
Recognize,82
Consider,54
Memory,142
Build,110
Commercial,115
Resource,103
News,182
Strategy,181
Performance,174
Professor,176
Worker,165
Stuff,184
Room,150
Front,77
Wall,160
Image,72
Color,137
Price,83
Require,146
Board,179
Free,181
Policy,75
Relationship,53
Avoid,178
Green,94
Around,119
Old,111
Stand,104
Officer,59
Her,58
Late,183
Pass,135
Always,132
Growth,50
Rock,99
Office,99
Country,158
Camera,115
Last,185
Wrong,160
Begin,163
Open,57
Involve,120
Eye,59
Somebody,174
Option,184
Ready,108
Enjoy,190
Character,142
Able,167
